USE foond;

INSERT INTO Price (id, rating, description)
VALUES (1, '1-10', 'Cafes and fast food'),
       (2, '10-20', 'Quick bite for budget-conscious people'),
       (3, '20-50', 'Typical dinners for the family or first date'),
       (4, '50-100', 'Upscale restaurants for special occasions'),
       (5, '100+', 'High-end, exclusive dinners');

INSERT INTO Formality (id, name, description)
VALUES (1, 'Fast Food', 'Quick, budget-friendly meals with minimal service and a casual atmosphere'),
       (2, 'Fast Casual',
        'Trendy, higher-quality food served quickly, but with a more polished ambiance than fast food'),
       (3, 'Family Dining', 'Comfortable, group-oriented dining with large portions meant for sharing'),
       (4, 'Upscale Casual', 'Stylish, yet relaxed dining with creative dishes and attentive service at higher prices'),
       (5, 'Fine Dining',
        'Elegant, formal dining with gourmet cuisine, exceptional service, and a luxurious atmosphere'),
       (6, 'Interactive Dining',
        'Fun and engaging dining where guests participate in experiences like cooking at the table or interacting with the environment.'),
       (7, 'Artsy Restaurants',
        'Creative and artsy spaces that often feature live music or art installations alongside eclectic, theme-inspired menus.'),
       (8, 'Themed Restaurants',
        'Immersive dining experiences centered around a specific theme with matching decor and menu items.');

INSERT INTO Cuisine(id, name, description)
VALUES (1, 'Italian Cuisine',
        'Known for its regional diversity, featuring pasta, pizza, and rich sauces like marinara and Alfredo'),
       (2, 'French Cuisine',
        'Elegant and sophisticated, with dishes like escargot, coq au vin, and crème brûlée, emphasizing quality ingredients and technique'),
       (3, 'Mexican Cuisine',
        'Bold and flavorful, featuring staples like tacos, enchiladas, and guacamole, often with a spicy kick'),
       (4, 'Chinese Cuisine',
        'Diverse and varied, with popular dishes like dim sum, stir-fry, and Peking duck, often using rice, noodles, and fresh vegetables'),
       (5, 'Japanese Cuisine',
        'Focuses on freshness and presentation, with sushi, sashimi, and tempura as key dishes, emphasizing balance and simplicity'),
       (6, 'Indian Cuisine',
        'Rich and aromatic, with a heavy use of spices, featuring dishes like curry, biryani, and naan bread'),
       (7, 'Thai Cuisine',
        'A vibrant mix of sweet, sour, salty, and spicy flavors, with signature dishes like pad Thai, green curry, and tom yum soup'),
       (8, 'Greek Cuisine',
        'Mediterranean flavors featuring olive oil, fresh herbs, and dishes like moussaka, souvlaki, and tzatziki'),
       (9, 'Spanish Cuisine',
        'Known for its variety of tapas, paella, and dishes rich in olive oil, garlic, and saffron'),
       (10, 'Lebanese Cuisine',
        'Fresh and healthy, featuring dishes like hummus, tabbouleh, and kebabs, with a focus on vegetables, grains, and lean meats'),
       (11, 'Turkish Cuisine',
        'A fusion of Central Asian, Middle Eastern, and Mediterranean influences, with dishes like kebabs, baklava, and mezes'),
       (12, 'Korean Cuisine',
        'Characterized by bold flavors and fermented foods, with staples like kimchi, bibimbap, and Korean barbecue'),
       (13, 'Vietnamese Cuisine',
        'Light and fresh, with an emphasis on herbs and rice noodles, featuring dishes like pho, spring rolls, and banh mi'),
       (14, 'Moroccan Cuisine',
        'Rich and aromatic, with spices like cinnamon and cumin, featuring tagines, couscous, and pastilla'),
       (15, 'Ethiopian Cuisine',
        'Communal and flavorful, with injera (sourdough flatbread) and stews like doro wat, often shared on a large platter'),
       (16, 'Brazilian Cuisine',
        'Diverse and hearty, with dishes like feijoada (black bean stew) and churrasco (barbecue), reflecting the country\'s multicultural influences'),
       (17, 'Argentinian Cuisine',
        'Known for its high-quality beef, with dishes like asado (barbecue) and empanadas, often accompanied by Malbec wine'),
       (18, 'Peruvian Cuisine',
        'A unique blend of indigenous and Spanish influences, featuring ceviche, lomo saltado, and aji amarillo'),
       (19, 'Caribbean Cuisine',
        'A vibrant mix of African, Creole, and Latin influences, with dishes like jerk chicken, rice and peas, and plantains'),
       (20, 'Cajun/Creole Cuisine',
        'A spicy, flavorful cuisine from Louisiana, featuring dishes like gumbo, jambalaya, and crawfish étouffée'),
       (21, 'Russian Cuisine',
        'Hearty and rustic, with dishes like borscht, pelmeni, and blini, often accompanied by sour cream and dill'),
       (22, 'German Cuisine',
        'Hearty and comforting, with sausages, schnitzel, and pretzels, often served with beer and sauerkraut'),
       (23, 'Polish Cuisine',
        'Rich and filling, with dishes like pierogi, kielbasa, and bigos, reflecting a blend of Eastern European influences'),
       (24, 'Persian Cuisine',
        'Aromatic and balanced, featuring saffron rice, kebabs, and stews like ghormeh sabzi, often accompanied by yogurt and herbs'),
       (25, 'Filipino Cuisine',
        'A diverse and flavorful blend of indigenous, Spanish, and Chinese influences, with dishes like adobo, sinigang, and lumpia'),
       (26, 'Indonesian Cuisine',
        'Bold and diverse, with dishes like nasi goreng, satay, and rendang, often using coconut, chili, and spices'),
       (27, 'Malaysian Cuisine',
        'A melting pot of Malay, Chinese, and Indian influences, with dishes like nasi lemak, laksa, and roti canai'),
       (28, 'Cuban Cuisine',
        'A flavorful mix of Spanish, African, and Caribbean influences, with dishes like ropa vieja, lechón asado, and black beans');

INSERT INTO Diet_Category(id, name, description, parentCategory)
VALUES (1, 'Mediterranean',
        'Emphasizes fruits, vegetables, whole grains, and healthy fats like olive oil, with moderate fish and poultry',
        NULL),
       (2, 'Pescatarian Mediterranean',
        'Traditional Mediterranean diet but exclusively includes seafood as the primary protein source', 1),
       (15, 'Flexitarian', 'Primarily vegetarian but occasionally includes meat or fish', NULL),
       (16, 'Pescatarian', 'A vegetarian diet that includes fish and seafood', 15),
       (3, 'Vegetarian', 'Excludes meat but may include dairy and eggs', 16),
       (4, 'Vegan', 'Excludes all animal products, including meat, dairy, eggs, and honey.', '3'),
       (7, 'Primal', 'Emphasizes eating whole, unprocessed foods similar to those consumed by early humans', NULL),
       (5, 'Paleo', 'Similar to primal diet but excluding some food categories like dairy.', 7),
       (6, 'Autoimmune Paleo',
        'Similar to Paleo but removes additional foods like nightshades to help manage autoimmune conditions.', 5),
       (8, 'Ketogenic', 'High-fat, low-carbohydrate diet designed to induce ketosis, where the body burns fat for fuel',
        NULL),
       (9, 'Low-Carb', 'Reduces carbohydrate intake, focusing on proteins, fats, and non-starchy vegetables', NULL),
       (10, 'Low-Fat', 'Limits fat intake, often to improve heart health and reduce calorie consumption', NULL),
       (11, 'Ornish Diet', 'Very low-fat, plant-based diet often used for heart disease prevention', 10),
       (12, 'DASH',
        'Designed to combat high blood pressure, emphasizing fruits, vegetables, and low-fat dairy, with limited salt intake',
        NULL),
       (13, 'DASH-Sodium', 'A version of DASH that further limits sodium intake to lower blood pressure', 12),
       (14, 'Plant-Based', 'Focuses on whole, plant-based foods and minimizes or excludes animal products', 3),
       (17, 'Gluten-Free',
        'Eliminates all foods containing gluten, often followed by those with celiac disease or gluten sensitivity',
        NULL),
       (18, 'Strict Gluten-Free', 'Avoids even trace amounts of gluten, including cross-contamination.', 17),
       (19, 'Alkaline', 'Focuses on foods that are believed to help maintain the body’s pH balance by reducing acidity',
        NULL),
       (20, 'South Beach',
        'Focuses on low-glycemic index foods and healthy fats, with an emphasis on lean proteins and vegetables', NULL),
       (21, 'Volumetrics',
        'Focuses on eating low-calorie, high-volume foods to feel full while consuming fewer calories', NULL),
       (22, 'Anti-Inflammatory',
        'Aims to reduce inflammation in the body by focusing on foods rich in antioxidants and omega-3 fatty acids',
        NULL),
       (23, 'Nordic',
        'Emphasizes whole grains, fatty fish, and root vegetables, based on the traditional eating patterns of Nordic countries',
        NULL),
       (24, 'New Nordic',
        'Modern interpretation of the Nordic diet with a focus on sustainability and locally sourced foods', 23),
       (25, 'Low-FODMAP', 'Restricts foods high in fermentable carbohydrates to reduce digestive discomfort', NULL),
       (26, 'Ayurvedic',
        'A holistic approach to eating based on balancing the body’s doshas (Vata, Pitta, Kapha) with specific foods',
        NULL),
       (27, 'Sattvic',
        'A traditional Ayurvedic diet that emphasizes pure, balanced foods like fruits, vegetables, and whole grains to promote mental clarity',
        26),
       (28, 'Carnivore', 'Consists entirely of animal products, primarily meat and excludes all plant-based foods',
        NULL);

INSERT INTO Dining_Group(id, name, description)
VALUES (1, 'The Foodies Club', 'A group of food enthusiasts exploring cuisines.'),
       (2, 'Gourmet Gatherers', 'Lovers of gourmet meals and fine dining.'),
       (3, 'Culinary Explorers', 'Exploring divers culinary traditions.'),
       (4, 'Spice Seekers', 'Adventurous eaters who love spicy dishes.'),
       (5, 'Veggie Delights', 'Celebrating the art of vegetarian cuisine'),
       (6, 'The Breakfast Bunch', 'Fans of hearty and delicious breakfasts.'),
       (7, 'Sizzling Steaks', 'Steak lovers indulging in premium cuts.'),
       (9, 'Comfort Food Crew', 'Seeking comfort in homestyle cooking.'),
       (10, 'Pasta Lovers United', 'Dedicated to all things pasta.'),
       (11, 'Sushi Aficionados', 'Exploring the world of sushi and sashimi.'),
       (12, 'Burger Brigade', 'A group that appreciates gourmet burgers.'),
       (13, 'Vegan Vanguards', 'Pioneering plant-based dining experiences.'),
       (14, 'Wine & Dine Group', 'Pairing fine wines with exquisite meals.'),
       (15, 'Tapas Tastemakers', 'Small bites with big flavors.'),
       (16, 'Pizza Perfectionists', 'Pursuing the perfect slice of pizza.'),
       (17, 'Seafood Sensations', 'Exploring fresh and flavorful seafood dishes.'),
       (18, 'BBQ Brothers', 'Masters of the grill and BBQ.'),
       (19, 'Dim Sum Devotees', 'Fans of traditional dim sum feasts.'),
       (20, 'Tacos & Tequila Team', 'A love for tacos paired with tequila.'),
       (21, 'The Ramen Raiders', 'Exploring diverse ramen bowls and broths.'),
       (22, 'Street Food Society', 'Discovering the best street food around.'),
       (23, 'The Brunch Bunch', 'Weekend brunch enthusiasts.'),
       (24, 'Comfort Kitchen Crew', 'Enjoying comfort food from around the world.'),
       (25, 'Salad Samplers', 'Creative and fresh salad ideas.'),
       (26, 'The Fine Dining Society', 'Indulging in luxury dining experiences.'),
       (27, 'Fusion Foodies', 'Blending flavors from different cultures.'),
       (28, 'Breakfast Club', 'Celebrating the most important meal of the day.'),
       (29, 'Kebab Kings', 'Fans of all kinds of kebabs.'),
       (30, 'Soup Savants', 'Exploring hearty and comforting soups.');

INSERT INTO Customer(id, longitude, latitude, email, firstName, middleInitial, lastName)
VALUES (1, -73.935242, 40.730610, 'john.doe@example.com', 'Emma', 'A', 'Doe'),
       (2, -118.243683, 34.052235, 'jane.smith@example.com', 'Jane', 'B', 'Smith'),
       (3, -87.629799, 41.878113, 'samuel.brown@example.com', 'Samuel', 'C', 'Brown'),
       (4, -0.127758, 51.507351, 'emily.jones@example.com', 'Emily', NULL, 'Jones'),
       (5, 2.352222, 48.856613, 'liam.johnson@example.com', 'Liam', 'D', 'Johnson'),
       (6, 151.209290, -33.868820, 'olivia.davis@example.com', 'Olivia', 'E', 'Davis'),
       (7, -74.006015, 40.712776, 'michael.wilson@example.com', 'Michael', 'F', 'Wilson'),
       (8, -122.419418, 37.774929, 'sophia.moore@example.com', 'Sophia', 'G', 'Moore'),
       (9, -46.633309, -23.550520, 'james.taylor@example.com', 'James', NULL, 'Taylor'),
       (10, -3.703790, 40.416775, 'isabella.lee@example.com', 'Isabella', 'H', 'Lee'),
       (11, 18.068581, 59.329323, 'alexander.martin@example.com', 'Alexander', 'I', 'Martin'),
       (12, -0.125740, 51.508530, 'mia.white@example.com', 'Mia', 'J', 'White'),
       (13, 144.963058, -37.813629, 'benjamin.thomas@example.com', 'Benjamin', NULL, 'Thomas'),
       (14, -123.121647, 49.282730, 'ava.harris@example.com', 'Ava', 'K', 'Harris'),
       (15, -0.127700, 51.507400, 'daniel.martinez@example.com', 'Daniel', 'L', 'Martinez'),
       (16, -79.383186, 43.653225, 'charlotte.jones@example.com', 'Charlotte', 'M', 'Jones'),
       (17, 100.523186, 13.736717, 'noah.garcia@example.com', 'Noah', NULL, 'Garcia'),
       (18, 139.691711, 35.689487, 'ella.lopez@example.com', 'Ella', 'N', 'Lopez'),
       (19, 4.835659, 45.764043, 'william.miller@example.com', 'William', 'O', 'Miller'),
       (20, -74.005974, 40.712776, 'grace.davis@example.com', 'Grace', 'P', 'Davis'),
       (21, 13.405754, 52.520008, 'lucas.anderson@example.com', 'Lucas', NULL, 'Anderson'),
       (22, 126.978420, 37.566536, 'ella.gonzalez@example.com', 'Ella', 'Q', 'Gonzalez'),
       (23, -43.209373, -22.911014, 'henry.martin@example.com', 'Henry', 'R', 'Martin'),
       (24, 12.496366, 41.902783, 'mia.hall@example.com', 'Mia', NULL, 'Hall'),
       (25, 103.819839, 1.352083, 'lucy.clark@example.com', 'Lucy', 'S', 'Clark'),
       (26, -46.633309, -23.550520, 'oliver.lewis@example.com', 'Oliver', 'T', 'Lewis'),
       (27, 37.617298, 55.755825, 'emily.robinson@example.com', 'Emily', 'U', 'Robinson'),
       (28, -58.377232, -34.613152, 'samuel.walker@example.com', 'Samuel', NULL, 'Walker'),
       (29, 144.963058, -37.813629, 'lily.young@example.com', 'Lily', 'V', 'Young'),
       (30, -3.703790, 40.416775, 'michael.hill@example.com', 'Michael', 'W', 'Hill');

insert into Cust_Group (custId, groupId)
values (27, 5),
       (30, 29),
       (14, 7),
       (13, 2),
       (22, 19),
       (19, 22),
       (20, 4),
       (24, 10),
       (12, 20),
       (17, 3),
       (21, 16),
       (26, 30),
       (15, 12),
       (7, 6),
       (11, 15),
       (28, 24),
       (23, 11),
       (18, 28),
       (16, 17),
       (6, 9),
       (9, 21),
       (8, 25),
       (10, 1),
       (29, 27),
       (25, 23),
       (17, 18),
       (29, 7),
       (27, 12),
       (30, 2),
       (8, 21),
       (20, 26),
       (12, 15),
       (25, 3),
       (18, 29),
       (23, 10),
       (13, 17),
       (21, 1),
       (15, 30),
       (22, 22),
       (10, 27),
       (28, 19),
       (6, 23),
       (19, 13),
       (14, 14),
       (24, 16),
       (9, 28),
       (11, 9),
       (16, 25),
       (26, 24),
       (28, 16),
       (18, 18),
       (17, 15),
       (19, 17),
       (7, 1),
       (16, 29),
       (10, 26),
       (26, 21);

INSERT INTO Restaurant (id, name, email, phone, priceId, formalityId)
VALUES (1, 'Corkery-Dietrich', 'rcauldwell0@guardian.co.uk', '2321:271:309', 1, 1),
       (4, 'Donnelly, Walker and Christiansen', 'ncramond3@bandcamp.com', '8988:877:879', 2, 2),
       (2, 'Upton, Ankunding and Altenwerth', 'mhesser1@tinypic.com', '7146:534:415', 3, 3),
       (5, 'Hodkiewicz-Rau', 'bdeglanville4@istockphoto.com', '1458:919:412', 4, 4),
       (6, 'Kuvalis, Stark and Torp', 'ddicey5@vinaora.com', '7273:542:712', 5, 5),
       (3, 'Reilly LLC', 'rlardez2@tripadvisor.com', '3339:431:520', 1, 6),
       (7, 'Rolfson Group', 'rstronough6@apple.com', '9003:192:819', 2, 7),
       (8, 'Kuphal, Sawayn and Botsford', 'barundell7@google.com.hk', '9711:587:155', 3, 8),
       (9, 'Emard-Pacocha', 'pbramer8@economist.com', '0655:438:900', 4, 1),
       (10, 'Osinski, Johns and Nolan', 'gingray9@sciencedaily.com', '1316:746:314', 1, 2),
       (11, 'Denesik LLC', 'mschoenleitera@stanford.edu', '1086:233:518', 2, 3),
       (12, 'Orn, Buckridge and Luettgen', 'lcowwellb@nps.gov', '0109:250:593', 3, 4),
       (13, 'Haag and Sons', 'kschuttec@ihg.com', '2941:851:341', 1, 4),
       (14, 'Auer-Kertzmann', 'lsutcliffd@ovh.net', '9312:111:842', 2, 5),
       (15, 'Rosenbaum-MacGyver', 'bmasseie@umich.edu', '9945:880:833', 1, 6),
       (16, 'Jerde LLC', 'bdaddowf@hud.gov', '8080:826:233', 1, 7),
       (17, 'Kutch LLC', 'tbeterissg@google.ru', '4736:468:690', 2, 8),
       (18, 'Stracke-Schultz', 'bscothronh@dell.com', '5717:105:819', 3, 1),
       (19, 'Ritchie and Sons', 'fbenoisti@adobe.com', '4335:369:719', 4, 2),
       (20, 'Feil-Price', 'acoleshillj@cloudflare.com', '6837:317:552', 5, 3),
       (21, 'Doyle Group', 'dwhelpdalek@marketwatch.com', '6327:914:435', 1, 4),
       (22, 'Heaney, Dare and Reilly', 'cdipietrol@businessweek.com', '4140:224:793', 2, 5),
       (23, 'Dooley, Kuhlman and Monahan', 'rcarrabottm@miitbeian.gov.cn', '1416:356:883', 3, 6),
       (24, 'Cartwright LLC', 'mshiliton@cpanel.net', '6926:718:806', 4, 1),
       (25, 'Hayes, Schiller and Wunsch', 'fmostono@cnet.com', '3039:819:278', 1, 2);

INSERT INTO Location (restId, longitude, latitude)
VALUES (19, 32.4413727, 46.6267067),
       (6, 120.5714361, 15.2884878),
       (24, 101.1756457, 54.4515199),
       (8, 119.1052507, 50.3201495),
       (25, 51.678158, 15.4217858),
       (10, 117.8663075, -8.7229245),
       (12, 5.1458131, 10.4853153),
       (16, 124.961672, 8.544642),
       (9, 12.7450795, 56.0442244),
       (18, 30.2166519, 13.1782149),
       (9, 41.756863, 46.277611),
       (2, 121.0288525, 14.6539775),
       (13, 43.6312634, 43.9576632),
       (15, -83.1702597, 22.9081486),
       (8, 112.528308, 32.990664),
       (25, 109.44096, 34.540852),
       (18, 133.5697428, 34.0055653),
       (1, 111.7227409, 29.0300404),
       (7, 39.2985684, -5.725856),
       (13, 70.7896966, 38.4613914),
       (20, -58.5055758, -34.6645787),
       (25, 14.240092, 36.04337),
       (7, -48.299098, -20.8740173),
       (17, 105.2194808, 12.90616),
       (14, 121.0400557, 14.7252329),
       (7, 115.1618941, -8.1094987),
       (13, 112.662673, 31.936876),
       (19, 103.565191, 29.601192),
       (19, 15.39185, 47.4906719),
       (5, -118.07, 33.97),
       (20, -97.5294628, 25.8263535),
       (20, 117.9483319, -8.3501717),
       (20, 2.2372823, 48.830394),
       (1, 110.856622, 26.433417),
       (24, 108.1110423, -7.3518129),
       (25, 118.7870855, 32.0378049),
       (14, 19.7584, 50.37939),
       (15, 56.3442985, 51.7920503);

insert into Operating_Hours (startTime, endTime, restId, dayOfWeek)
values ('4:46', '13:30', 9, 5),
       ('2:32', '16:51', 2, 3),
       ('4:58', '16:54', 18, 7),
       ('9:49', '18:45', 23, 3),
       ('12:06', '21:30', 17, 1),
       ('11:50', '22:29', 22, 1),
       ('12:21', '13:58', 11, 7),
       ('9:19', '22:06', 3, 1),
       ('1:03', '17:21', 12, 6),
       ('1:35', '21:50', 19, 1),
       ('5:42', '13:42', 13, 7),
       ('0:59', '22:58', 21, 6),
       ('1:32', '19:36', 10, 5),
       ('5:04', '21:01', 14, 3),
       ('8:56', '18:49', 20, 6),
       ('11:32', '23:42', 16, 4),
       ('11:36', '14:34', 25, 6),
       ('0:07', '19:34', 7, 4),
       ('0:52', '14:03', 8, 7),
       ('12:15', '23:51', 15, 3),
       ('8:59', '19:21', 6, 2),
       ('1:01', '19:12', 4, 1),
       ('10:06', '22:13', 1, 7),
       ('11:52', '16:35', 24, 7),
       ('1:39', '20:48', 12, 3),
       ('9:09', '16:22', 21, 2),
       ('10:11', '19:12', 20, 5),
       ('8:35', '15:50', 5, 3),
       ('1:53', '16:40', 17, 4),
       ('11:34', '22:03', 13, 4),
       ('9:27', '22:19', 14, 7),
       ('4:38', '21:11', 6, 5),
       ('8:45', '16:10', 24, 3),
       ('12:39', '15:08', 11, 3),
       ('0:16', '17:19', 10, 6),
       ('8:35', '19:55', 23, 7),
       ('5:55', '20:23', 7, 1),
       ('3:19', '17:29', 9, 2),
       ('11:44', '22:42', 8, 5),
       ('10:38', '17:54', 19, 2),
       ('10:14', '23:50', 22, 5),
       ('7:31', '13:56', 15, 2),
       ('7:19', '17:59', 25, 4),
       ('9:52', '16:15', 16, 5);

INSERT INTO Recommendation (seqNum, custId, restId, explanation, accepted, dateGiven)
VALUES (1, 1, 10, 'Amazing sushi rolls', TRUE, '2024-05-01 15:00:00'),
       (1, 2, 4, 'Best BBQ in town', FALSE, '2024-04-12 19:30:00'),
       (1, 3, 22, 'Cozy ambiance with great coffee', TRUE, '2024-06-18 09:00:00'),
       (1, 4, 15, 'Excellent vegan burgers', TRUE, '2024-03-10 13:00:00'),
       (1, 5, 1, 'Delicious seafood platter', FALSE, '2024-01-25 20:00:00'),
       (1, 6, 12, 'Top-rated steakhouse', TRUE, '2024-02-18 18:00:00'),
       (1, 7, 19, 'Healthy smoothies available', FALSE, '2024-07-14 11:00:00'),
       (1, 8, 8, 'Authentic Mexican tacos', TRUE, '2024-04-08 12:30:00'),
       (1, 9, 25, 'Gluten-free pizza options', TRUE, '2024-05-21 17:45:00'),
       (1, 10, 6, 'Cozy cafe with great desserts', FALSE, '2024-06-10 16:00:00'),
       (1, 11, 14, 'Excellent wine selection', TRUE, '2024-07-09 19:00:00'),
       (1, 12, 3, 'Best Indian curry', FALSE, '2024-02-28 14:00:00'),
       (1, 13, 21, 'Vegan-friendly brunch options', TRUE, '2024-01-20 10:00:00'),
       (1, 14, 9, 'Great sushi and sashimi', TRUE, '2024-06-07 18:30:00'),
       (1, 15, 17, 'Delicious Italian pizza', FALSE, '2024-03-22 20:15:00'),
       (1, 16, 5, 'Best local coffee', TRUE, '2024-04-30 08:00:00'),
       (1, 17, 24, 'Amazing tapas selection', FALSE, '2024-05-15 21:00:00'),
       (1, 18, 2, 'Great salad bar', TRUE, '2024-07-25 12:15:00'),
       (1, 19, 11, 'Authentic Japanese ramen', TRUE, '2024-02-05 13:30:00'),
       (1, 20, 20, 'Top-notch bakery', FALSE, '2024-06-26 10:45:00'),
       (2, 1, 7, 'Tasty vegetarian sandwiches', TRUE, '2024-03-14 14:15:00'),
       (2, 2, 13, 'Excellent gluten-free options', TRUE, '2024-01-12 18:45:00'),
       (2, 3, 18, 'Great for a romantic dinner', FALSE, '2024-04-02 20:30:00'),
       (2, 4, 23, 'Healthy Mediterranean dishes', TRUE, '2024-05-10 19:15:00'),
       (2, 5, 16, 'Authentic Italian pasta', TRUE, '2024-06-19 12:30:00'),
       (2, 6, 10, 'Great place for brunch', FALSE, '2024-07-06 10:00:00'),
       (2, 7, 4, 'Delicious vegan desserts', TRUE, '2024-02-17 15:45:00'),
       (2, 8, 1, 'Best sushi in town', TRUE, '2024-01-30 12:30:00'),
       (2, 9, 15, 'Gluten-free bread available', FALSE, '2024-03-05 09:00:00'),
       (2, 10, 12, 'Great coffee and ambiance', TRUE, '2024-04-16 11:30:00'),
       (2, 11, 9, 'Excellent BBQ ribs', FALSE, '2024-05-04 17:15:00'),
       (2, 12, 19, 'Top seafood restaurant', TRUE, '2024-07-11 20:45:00'),
       (2, 13, 7, 'Best vegetarian lasagna', TRUE, '2024-06-22 13:00:00'),
       (2, 14, 20, 'Delicious gluten-free pancakes', FALSE, '2024-01-08 08:30:00'),
       (2, 15, 3, 'Great vegan breakfast options', TRUE, '2024-03-18 07:15:00'),
       (2, 16, 18, 'Amazing wine and cheese pairings', FALSE, '2024-04-24 19:00:00'),
       (2, 17, 5, 'Great atmosphere and cocktails', TRUE, '2024-05-28 22:00:00'),
       (2, 18, 21, 'Authentic Thai cuisine', FALSE, '2024-02-22 12:00:00'),
       (2, 19, 13, 'Top-rated vegan dishes', TRUE, '2024-06-01 18:30:00'),
       (2, 20, 3, 'Excellent vegan menu', TRUE, '2024-05-24 12:15:00'),
       (3, 1, 24, 'Great burgers and fries', FALSE, '2024-07-13 14:30:00'),
       (3, 2, 11, 'Tasty vegan wraps', TRUE, '2024-03-01 11:45:00'),
       (3, 3, 16, 'Excellent steak selection', TRUE, '2024-05-12 20:30:00'),
       (3, 4, 10, 'Best vegetarian pizza', FALSE, '2024-06-29 12:45:00'),
       (3, 5, 17, 'Great breakfast burritos', TRUE, '2024-01-15 09:15:00'),
       (3, 6, 6, 'Delicious gluten-free pasta', TRUE, '2024-02-10 14:00:00'),
       (3, 7, 4, 'Best vegan tacos', FALSE, '2024-04-20 18:00:00'),
       (3, 8, 2, 'Amazing vegetarian dishes', TRUE, '2024-03-30 13:15:00'),
       (3, 9, 8, 'Great sushi platters', TRUE, '2024-07-22 19:45:00'),
       (3, 10, 14, 'Top-rated pasta dishes', FALSE, '2024-05-07 20:15:00'),
       (3, 11, 16, 'Charming atmosphere with delightful desserts', TRUE, '2024-07-30 16:00:00'),
       (3, 12, 17, 'Vibrant location with a diverse menu', FALSE, '2024-08-02 13:00:00'),
       (3, 13, 23, 'Exceptional service and delicious seafood', TRUE, '2024-08-05 18:00:00'),
       (3, 14, 21, 'Cozy dining with a focus on local ingredients', TRUE, '2024-08-08 19:30:00'),
       (3, 15, 10, 'Elegant dining with a unique menu', FALSE, '2024-08-10 20:00:00'),
       (3, 16, 11, 'Casual spot with great vegan options', TRUE, '2024-08-12 12:00:00'),
       (3, 17, 22, 'Perfect place for brunch, loved the pancakes', TRUE, '2024-08-13 11:30:00'),
       (3, 18, 23, 'Great for a quick bite, excellent coffee', FALSE, '2024-08-14 14:00:00'),
       (3, 19, 24, 'Delicious gluten-free choices in a relaxed setting', TRUE, '2024-08-15 18:15:00'),
       (3, 20, 15, 'Amazing cocktails and tapas, perfect for evenings', TRUE, '2024-08-16 20:45:00');

INSERT INTO Recommendation_Review (seqNum, custId, comment, dateGiven, dietScore, priceScore, cuisineScore,
                                   formalityScore, locationScore)
VALUES (1, 1, 'The menu options were quite limited and didn’t meet my expectations.', '2023:9:4', 1, 2, 1, 2, 0),
       (1, 2, 'Great value for the price, though the ambiance could be improved.', '2023:11:16', 8, 5, 1, 6, 3),
       (1, 3, 'An excellent selection of dishes with something for everyone.', '2024:1:19', 9, 7, 3, 2, 4),
       (1, 4, 'I found the food quality to be inconsistent, some dishes were great while others were disappointing.',
        '2024:5:18', 3, 1, 8, 0, 7),
       (1, 5, 'The dining experience was very casual, which suited the place perfectly.', '2024:1:29', 2, 1, 8, 7, 1),
       (1, 6, 'A nice mix of traditional and modern cuisine, with a focus on fresh ingredients.', '2024:2:26', 1, 2, 5,
        8, 2),
       (1, 7, 'Service was a bit slow, but the staff was friendly and accommodating.', '2023:10:25', 2, 4, 0, 0, 0),
       (1, 8, 'The location is ideal for a quick bite, though parking can be an issue.', '2024:4:15', 3, 5, 4, 0, 0),
       (1, 9, 'A hidden gem! The food was outstanding, and the service was top-notch.', '2023:11:5', 5, 4, 6, 6, 9),
       (1, 10, 'Prices were reasonable, but the portions were smaller than expected.', '2024:4:4', 8, 8, 3, 0, 9),
       (1, 11, 'A lively atmosphere with a menu that caters to all tastes.', '2024:1:25', 1, 7, 5, 6, 7),
       (1, 12, 'I enjoyed the unique twists on classic dishes. Will definitely be back!', '2024:6:24', 0, 9, 0, 8, 6),
       (1, 13, 'The restaurant''s decor is charming, and the food was equally delightful.', '2024:6:2', 7, 9, 7, 6, 8),
       (1, 14, 'An overall great experience, but the dessert options were limited.', '2023:10:3', 2, 8, 2, 2, 8),
       (1, 15, 'The cuisine was authentic, and the presentation was beautiful.', '2023:12:27', 0, 4, 8, 0, 5),
       (1, 16, 'Perfect spot for a relaxed meal with friends or family.', '2023:12:19', 6, 1, 2, 0, 0),
       (1, 17, 'A bit pricey, but the quality of food made it worth it.', '2024:6:6', 9, 5, 9, 4, 9),
       (1, 18, 'The ambiance was cozy, and the service was attentive.', '2024:5:29', 0, 5, 1, 9, 8),
       (1, 19, 'I loved the creativity in the menu, every dish was a pleasant surprise.', '2023:11:29', 7, 7, 6, 9, 4),
       (1, 20, 'The place is popular, so expect a bit of a wait during peak times.', '2023:9:18', 4, 8, 9, 3, 0),
       (2, 1, 'The food was delicious, though the location is a bit out of the way.', '2024:7:9', 1, 1, 6, 9, 2),
       (2, 2, 'The restaurant offered a unique dining experience with interactive elements.', '2024:2:5', 0, 1, 8, 0,
        3),
       (2, 3, 'Fantastic food, but the noise level made it hard to enjoy fully.', '2024:2:24', 0, 6, 5, 8, 5),
       (2, 4, 'A must-visit for anyone who loves innovative cuisine.', '2024:7:12', 0, 6, 6, 0, 3),
       (2, 5, 'The flavors were bold and exciting, I particularly enjoyed the appetizers.', '2023:11:11', 3, 8, 2, 6,
        1),
       (2, 6, 'A great place for a special occasion, the fine dining experience was worth it.', '2023:9:6', 0, 7, 0, 6,
        4),
       (2, 7, 'The waitstaff was knowledgeable and offered great wine pairing suggestions.', '2023:12:20', 4, 4, 3, 8,
        1),
       (2, 8, 'The restaurant had a laid-back vibe, perfect for a casual dinner.', '2024:1:3', 3, 3, 4, 9, 3),
       (2, 9, 'Great food, but the portions could be more generous.', '2024:3:15', 3, 8, 9, 2, 6),
       (2, 10, 'The outdoor seating area was lovely, especially during sunset.', '2024:4:5', 7, 0, 9, 8, 6),
       (2, 11, 'The food was good, but not memorable enough to stand out.', '2023:8:29', 7, 0, 7, 0, 5),
       (2, 12, 'The chef''s tasting menu was a highlight, showcasing a range of flavors.', '2023:12:14', 3, 5, 1, 7, 4),
       (2, 13, 'A bit off the beaten path, but the journey was worth it.', '2024:5:6', 2, 1, 8, 5, 0),
       (2, 14, 'The dishes were artfully presented, almost too beautiful to eat.', '2024:5:30', 3, 8, 4, 5, 5),
       (2, 15, 'Good spot for a quick lunch, though not ideal for a long dinner.', '2023:10:24', 1, 1, 3, 4, 1),
       (2, 16, 'A delightful experience, though the dessert didn’t live up to the main courses.', '2024:6:15', 7, 2, 5,
        1, 7),
       (2, 17, 'The menu was diverse, offering something for everyone.', '2023:9:20', 4, 5, 1, 3, 9),
       (2, 18, 'A fun atmosphere with a lively crowd, great for a night out.', '2024:2:2', 8, 9, 0, 7, 4),
       (2, 19, 'The restaurant’s concept is unique, but the execution was lacking.', '2024:5:2', 2, 7, 4, 4, 3),
       (2, 20, 'Everything was cooked to perfection, especially the meats.', '2023:8:22', 6, 2, 3, 8, 6),
       (3, 1, 'The drinks menu was impressive, with many creative options.', '2024:6:11', 1, 2, 3, 0, 1),
       (3, 2, 'A perfect balance of flavors in every dish, highly recommend!', '2024:6:25', 3, 0, 0, 0, 3),
       (3, 3, 'The setting was picturesque, making it a great date spot.', '2024:7:20', 5, 0, 3, 1, 2),
       (3, 4, 'I was impressed by the attention to detail in every aspect.', '2023:9:16', 6, 3, 4, 3, 7),
       (3, 5, 'A lovely experience, though a bit overpriced for what it offered.', '2024:4:25', 3, 1, 2, 2, 2),
       (3, 6, 'I loved the fusion of different cuisines, making for an adventurous meal.', '2024:7:4', 6, 9, 0, 9, 4),
       (3, 7, 'The service was impeccable, making us feel very welcome.', '2024:6:19', 0, 9, 5, 9, 5),
       (3, 8, 'The restaurant offers a great brunch menu with many healthy options.', '2023:10:30', 2, 6, 3, 2, 8),
       (3, 9, 'The food was comforting and familiar, just like a home-cooked meal.', '2023:12:30', 0, 2, 3, 8, 7),
       (3, 10, 'A charming little place with a lot of character and excellent food.', '2024:5:25', 0, 4, 0, 1, 8);

insert into Cust_Diet (custId, dietId)
values ('30', '25'),
       ('25', '9'),
       ('10', '28'),
       ('8', '7'),
       ('2', '24'),
       ('21', '27'),
       ('5', '5'),
       ('1', '20'),
       ('17', '21'),
       ('7', '10'),
       ('27', '12'),
       ('26', '4'),
       ('15', '22'),
       ('9', '15'),
       ('24', '16'),
       ('28', '26'),
       ('13', '2'),
       ('14', '17'),
       ('19', '3'),
       ('18', '11'),
       ('23', '6'),
       ('29', '13'),
       ('3', '19'),
       ('4', '8'),
       ('12', '18'),
       ('6', '23'),
       ('11', '1'),
       ('22', '14'),
       ('16', '4'),
       ('20', '26'),
       ('22', '22'),
       ('18', '10'),
       ('12', '8'),
       ('10', '12'),
       ('3', '6'),
       ('13', '21'),
       ('25', '11'),
       ('9', '7'),
       ('24', '23'),
       ('20', '1'),
       ('7', '9'),
       ('26', '27'),
       ('5', '14'),
       ('19', '5'),
       ('1', '15'),
       ('15', '19');

insert into Cust_Cuisine (custId, cuisineId)
values ('13', '5'),
       ('3', '24'),
       ('9', '3'),
       ('21', '16'),
       ('6', '1'),
       ('28', '2'),
       ('17', '19'),
       ('10', '22'),
       ('18', '12'),
       ('16', '28'),
       ('7', '8'),
       ('4', '20'),
       ('19', '21'),
       ('5', '14'),
       ('27', '18'),
       ('14', '10'),
       ('30', '23'),
       ('12', '13'),
       ('25', '9'),
       ('29', '4'),
       ('15', '11'),
       ('26', '17'),
       ('11', '15'),
       ('20', '27'),
       ('22', '7'),
       ('24', '25'),
       ('23', '6'),
       ('2', '16'),
       ('23', '2'),
       ('15', '27'),
       ('7', '24'),
       ('26', '23'),
       ('28', '25'),
       ('4', '3'),
       ('8', '26'),
       ('20', '28'),
       ('22', '11'),
       ('9', '14'),
       ('27', '20'),
       ('13', '21'),
       ('11', '10'),
       ('17', '17'),
       ('2', '4');

insert into Cust_Price (custId, priceId)
values ('25', '4'),
       ('1', '1'),
       ('26', '5'),
       ('6', '2'),
       ('14', '4'),
       ('21', '2'),
       ('12', '3'),
       ('15', '5'),
       ('22', '2'),
       ('20', '1'),
       ('28', '4'),
       ('30', '3'),
       ('10', '5'),
       ('24', '5'),
       ('4', '4'),
       ('16', '1'),
       ('17', '2'),
       ('2', '3'),
       ('5', '5'),
       ('11', '1'),
       ('29', '3'),
       ('7', '2'),
       ('3', '4'),
       ('23', '3'),
       ('8', '5'),
       ('18', '4'),
       ('13', '1'),
       ('19', '2'),
       ('29', '4'),
       ('1', '5'),
       ('1', '4'),
       ('9', '3'),
       ('4', '2'),
       ('27', '1');

insert into Cust_Formality (custId, formalityId)
values ('10', '3'),
       ('23', '7'),
       ('4', '1'),
       ('8', '8'),
       ('13', '5'),
       ('30', '4'),
       ('20', '6'),
       ('28', '6'),
       ('22', '5'),
       ('6', '4'),
       ('2', '3'),
       ('26', '1'),
       ('27', '7'),
       ('21', '8'),
       ('9', '2'),
       ('5', '1'),
       ('7', '4'),
       ('12', '5'),
       ('16', '7'),
       ('11', '3'),
       ('15', '2'),
       ('19', '8'),
       ('18', '1'),
       ('29', '7'),
       ('17', '5'),
       ('3', '3'),
       ('14', '2'),
       ('25', '8'),
       ('26', '4'),
       ('21', '6'),
       ('30', '8'),
       ('10', '1'),
       ('24', '2');

insert into Rest_Diet (restId, dietId)
values ('24', '5'),
       ('4', '27'),
       ('15', '22'),
       ('16', '10'),
       ('18', '26'),
       ('8', '24'),
       ('1', '4'),
       ('6', '23'),
       ('7', '2'),
       ('17', '13'),
       ('14', '9'),
       ('25', '7'),
       ('2', '19'),
       ('21', '25'),
       ('22', '17'),
       ('20', '6'),
       ('3', '15'),
       ('9', '20'),
       ('23', '16'),
       ('11', '3'),
       ('13', '14'),
       ('19', '28'),
       ('5', '1'),
       ('12', '21'),
       ('10', '8'),
       ('22', '11'),
       ('17', '12'),
       ('15', '18'),
       ('24', '8'),
       ('5', '2'),
       ('2', '18'),
       ('20', '5'),
       ('14', '23'),
       ('6', '15');

insert into Rest_Cuisine (restId, cuisineId)
values ('5', '17'),
       ('20', '3'),
       ('12', '26'),
       ('4', '6'),
       ('14', '23'),
       ('11', '11'),
       ('8', '19'),
       ('21', '27'),
       ('25', '8'),
       ('10', '13'),
       ('16', '12'),
       ('15', '22'),
       ('2', '18'),
       ('19', '21'),
       ('9', '2'),
       ('23', '20'),
       ('17', '9'),
       ('18', '24'),
       ('7', '4'),
       ('1', '7'),
       ('22', '10'),
       ('13', '25'),
       ('6', '15'),
       ('3', '5'),
       ('24', '1'),
       ('2', '16'),
       ('1', '28'),
       ('8', '14'),
       ('21', '5'),
       ('19', '11');
